folder_name,data_split
BraTS-GoAT-00000,Dropout
BraTS-GoAT-00003,Dropout
BraTS-GoAT-00004,Dropout
BraTS-GoAT-00006,Dropout
BraTS-GoAT-00007,Dropout
BraTS-GoAT-00012,Dropout
BraTS-GoAT-00014,Dropout
BraTS-GoAT-00016,Dropout
BraTS-GoAT-00017,Dropout
BraTS-GoAT-00019,Dropout
BraTS-GoAT-00021,Dropout
BraTS-GoAT-00023,Train
BraTS-GoAT-00024,Dropout
BraTS-GoAT-00025,Dropout
BraTS-GoAT-00026,Dropout
BraTS-GoAT-00027,Dropout
BraTS-GoAT-00028,Dropout
BraTS-GoAT-00030,Dropout
BraTS-GoAT-00032,Dropout
BraTS-GoAT-00033,Dropout
BraTS-GoAT-00034,Dropout
BraTS-GoAT-00035,Dropout
BraTS-GoAT-00037,Dropout
BraTS-GoAT-00039,Test
BraTS-GoAT-00042,Train
BraTS-GoAT-00044,Train
BraTS-GoAT-00052,Dropout
BraTS-GoAT-00054,Dropout
BraTS-GoAT-00055,Train
BraTS-GoAT-00060,Dropout
BraTS-GoAT-00061,Dropout
BraTS-GoAT-00062,Dropout
BraTS-GoAT-00063,Train
BraTS-GoAT-00064,Train
BraTS-GoAT-00065,Dropout
BraTS-GoAT-00067,Dropout
BraTS-GoAT-00071,Train
BraTS-GoAT-00073,Dropout
BraTS-GoAT-00074,Dropout
BraTS-GoAT-00075,Dropout
BraTS-GoAT-00077,Dropout
BraTS-GoAT-00078,Train
BraTS-GoAT-00081,Dropout
BraTS-GoAT-00082,Test
BraTS-GoAT-00084,Dropout
BraTS-GoAT-00087,Dropout
BraTS-GoAT-00088,Dropout
BraTS-GoAT-00090,Dropout
BraTS-GoAT-00091,Dropout
BraTS-GoAT-00092,Dropout
BraTS-GoAT-00093,Dropout
BraTS-GoAT-00094,Dropout
BraTS-GoAT-00095,Dropout
BraTS-GoAT-00097,Dropout
BraTS-GoAT-00103,Dropout
BraTS-GoAT-00105,Dropout
BraTS-GoAT-00106,Dropout
BraTS-GoAT-00108,Train
BraTS-GoAT-00109,Dropout
BraTS-GoAT-00110,Dropout
BraTS-GoAT-00111,Dropout
BraTS-GoAT-00112,Dropout
BraTS-GoAT-00113,Dropout
BraTS-GoAT-00114,Dropout
BraTS-GoAT-00115,Dropout
BraTS-GoAT-00116,Dropout
BraTS-GoAT-00118,Dropout
BraTS-GoAT-00120,Train
BraTS-GoAT-00121,Dropout
BraTS-GoAT-00122,Train
BraTS-GoAT-00126,Dropout
BraTS-GoAT-00128,Dropout
BraTS-GoAT-00132,Train
BraTS-GoAT-00133,Train
BraTS-GoAT-00134,Dropout
BraTS-GoAT-00135,Dropout
BraTS-GoAT-00136,Dropout
BraTS-GoAT-00139,Dropout
BraTS-GoAT-00141,Dropout
BraTS-GoAT-00143,Dropout
BraTS-GoAT-00147,Dropout
BraTS-GoAT-00148,Dropout
BraTS-GoAT-00150,Dropout
BraTS-GoAT-00152,Dropout
BraTS-GoAT-00154,Test
BraTS-GoAT-00155,Dropout
BraTS-GoAT-00156,Train
BraTS-GoAT-00162,Test
BraTS-GoAT-00163,Dropout
BraTS-GoAT-00166,Dropout
BraTS-GoAT-00167,Dropout
BraTS-GoAT-00168,Validation
BraTS-GoAT-00169,Dropout
BraTS-GoAT-00170,Train
BraTS-GoAT-00171,Train
BraTS-GoAT-00172,Dropout
BraTS-GoAT-00173,Dropout
BraTS-GoAT-00175,Dropout
BraTS-GoAT-00176,Train
BraTS-GoAT-00177,Test
BraTS-GoAT-00179,Dropout
BraTS-GoAT-00180,Dropout
BraTS-GoAT-00181,Dropout
BraTS-GoAT-00184,Dropout
BraTS-GoAT-00185,Dropout
BraTS-GoAT-00187,Dropout
BraTS-GoAT-00189,Train
BraTS-GoAT-00192,Dropout
BraTS-GoAT-00194,Dropout
BraTS-GoAT-00197,Dropout
BraTS-GoAT-00198,Dropout
BraTS-GoAT-00199,Test
BraTS-GoAT-00201,Dropout
BraTS-GoAT-00202,Dropout
BraTS-GoAT-00203,Dropout
BraTS-GoAT-00206,Train
BraTS-GoAT-00207,Dropout
BraTS-GoAT-00208,Dropout
BraTS-GoAT-00209,Dropout
BraTS-GoAT-00211,Dropout
BraTS-GoAT-00212,Dropout
BraTS-GoAT-00213,Test
BraTS-GoAT-00215,Dropout
BraTS-GoAT-00216,Train
BraTS-GoAT-00218,Dropout
BraTS-GoAT-00219,Dropout
BraTS-GoAT-00220,Dropout
BraTS-GoAT-00222,Dropout
BraTS-GoAT-00223,Train
BraTS-GoAT-00224,Validation
BraTS-GoAT-00226,Train
BraTS-GoAT-00227,Dropout
BraTS-GoAT-00228,Dropout
BraTS-GoAT-00232,Dropout
BraTS-GoAT-00233,Dropout
BraTS-GoAT-00235,Dropout
BraTS-GoAT-00239,Train
BraTS-GoAT-00241,Dropout
BraTS-GoAT-00249,Dropout
BraTS-GoAT-00250,Train
BraTS-GoAT-00255,Dropout
BraTS-GoAT-00256,Dropout
BraTS-GoAT-00260,Dropout
BraTS-GoAT-00261,Dropout
BraTS-GoAT-00263,Dropout
BraTS-GoAT-00265,Dropout
BraTS-GoAT-00268,Validation
BraTS-GoAT-00270,Dropout
BraTS-GoAT-00271,Dropout
BraTS-GoAT-00272,Train
BraTS-GoAT-00274,Dropout
BraTS-GoAT-00275,Train
BraTS-GoAT-00276,Dropout
BraTS-GoAT-00278,Dropout
BraTS-GoAT-00280,Dropout
BraTS-GoAT-00282,Dropout
BraTS-GoAT-00283,Dropout
BraTS-GoAT-00284,Dropout
BraTS-GoAT-00285,Dropout
BraTS-GoAT-00286,Dropout
BraTS-GoAT-00287,Dropout
BraTS-GoAT-00291,Dropout
BraTS-GoAT-00292,Dropout
BraTS-GoAT-00293,Dropout
BraTS-GoAT-00294,Train
BraTS-GoAT-00296,Dropout
BraTS-GoAT-00302,Train
BraTS-GoAT-00303,Dropout
BraTS-GoAT-00305,Train
BraTS-GoAT-00308,Test
BraTS-GoAT-00310,Dropout
BraTS-GoAT-00312,Dropout
BraTS-GoAT-00315,Dropout
BraTS-GoAT-00316,Dropout
BraTS-GoAT-00317,Train
BraTS-GoAT-00318,Dropout
BraTS-GoAT-00319,Train
BraTS-GoAT-00322,Dropout
BraTS-GoAT-00327,Dropout
BraTS-GoAT-00328,Dropout
BraTS-GoAT-00330,Test
BraTS-GoAT-00334,Dropout
BraTS-GoAT-00336,Dropout
BraTS-GoAT-00337,Dropout
BraTS-GoAT-00338,Dropout
BraTS-GoAT-00341,Dropout
BraTS-GoAT-00344,Dropout
BraTS-GoAT-00350,Dropout
BraTS-GoAT-00352,Dropout
BraTS-GoAT-00353,Train
BraTS-GoAT-00355,Dropout
BraTS-GoAT-00359,Dropout
BraTS-GoAT-00360,Dropout
BraTS-GoAT-00361,Dropout
BraTS-GoAT-00363,Dropout
BraTS-GoAT-00364,Dropout
BraTS-GoAT-00366,Dropout
BraTS-GoAT-00368,Train
BraTS-GoAT-00370,Dropout
BraTS-GoAT-00371,Test
BraTS-GoAT-00374,Dropout
BraTS-GoAT-00378,Train
BraTS-GoAT-00381,Dropout
BraTS-GoAT-00382,Test
BraTS-GoAT-00383,Dropout
BraTS-GoAT-00384,Dropout
BraTS-GoAT-00385,Dropout
BraTS-GoAT-00391,Train
BraTS-GoAT-00392,Dropout
BraTS-GoAT-00393,Validation
BraTS-GoAT-00395,Dropout
BraTS-GoAT-00396,Dropout
BraTS-GoAT-00398,Train
BraTS-GoAT-00399,Dropout
BraTS-GoAT-00400,Dropout
BraTS-GoAT-00401,Dropout
BraTS-GoAT-00403,Validation
BraTS-GoAT-00404,Dropout
BraTS-GoAT-00406,Dropout
BraTS-GoAT-00407,Dropout
BraTS-GoAT-00408,Dropout
BraTS-GoAT-00410,Train
BraTS-GoAT-00411,Dropout
BraTS-GoAT-00413,Dropout
BraTS-GoAT-00414,Dropout
BraTS-GoAT-00416,Dropout
BraTS-GoAT-00417,Dropout
BraTS-GoAT-00418,Dropout
BraTS-GoAT-00419,Dropout
BraTS-GoAT-00421,Dropout
BraTS-GoAT-00423,Dropout
BraTS-GoAT-00424,Dropout
BraTS-GoAT-00425,Train
BraTS-GoAT-00426,Dropout
BraTS-GoAT-00429,Test
BraTS-GoAT-00432,Dropout
BraTS-GoAT-00437,Dropout
BraTS-GoAT-00438,Dropout
BraTS-GoAT-00439,Dropout
BraTS-GoAT-00441,Dropout
BraTS-GoAT-00444,Dropout
BraTS-GoAT-00445,Dropout
BraTS-GoAT-00446,Dropout
BraTS-GoAT-00448,Dropout
BraTS-GoAT-00450,Train
BraTS-GoAT-00451,Dropout
BraTS-GoAT-00452,Dropout
BraTS-GoAT-00453,Dropout
BraTS-GoAT-00456,Dropout
BraTS-GoAT-00457,Dropout
BraTS-GoAT-00458,Dropout
BraTS-GoAT-00463,Dropout
BraTS-GoAT-00464,Dropout
BraTS-GoAT-00466,Dropout
BraTS-GoAT-00467,Dropout
BraTS-GoAT-00469,Dropout
BraTS-GoAT-00472,Train
BraTS-GoAT-00473,Train
BraTS-GoAT-00474,Dropout
BraTS-GoAT-00475,Dropout
BraTS-GoAT-00478,Dropout
BraTS-GoAT-00480,Dropout
BraTS-GoAT-00482,Dropout
BraTS-GoAT-00484,Dropout
BraTS-GoAT-00486,Dropout
BraTS-GoAT-00487,Dropout
BraTS-GoAT-00489,Dropout
BraTS-GoAT-00491,Dropout
BraTS-GoAT-00493,Dropout
BraTS-GoAT-00494,Dropout
BraTS-GoAT-00495,Dropout
BraTS-GoAT-00497,Dropout
BraTS-GoAT-00498,Dropout
BraTS-GoAT-00499,Train
BraTS-GoAT-00500,Test
BraTS-GoAT-00501,Validation
BraTS-GoAT-00504,Dropout
BraTS-GoAT-00505,Train
BraTS-GoAT-00506,Dropout
BraTS-GoAT-00508,Dropout
BraTS-GoAT-00509,Dropout
BraTS-GoAT-00510,Dropout
BraTS-GoAT-00511,Dropout
BraTS-GoAT-00513,Dropout
BraTS-GoAT-00514,Dropout
BraTS-GoAT-00517,Dropout
BraTS-GoAT-00519,Validation
BraTS-GoAT-00520,Test
BraTS-GoAT-00524,Dropout
BraTS-GoAT-00526,Dropout
BraTS-GoAT-00527,Train
BraTS-GoAT-00528,Train
BraTS-GoAT-00530,Dropout
BraTS-GoAT-00531,Dropout
BraTS-GoAT-00532,Dropout
BraTS-GoAT-00533,Dropout
BraTS-GoAT-00534,Train
BraTS-GoAT-00535,Train
BraTS-GoAT-00538,Dropout
BraTS-GoAT-00541,Dropout
BraTS-GoAT-00542,Dropout
BraTS-GoAT-00544,Dropout
BraTS-GoAT-00546,Dropout
BraTS-GoAT-00547,Dropout
BraTS-GoAT-00551,Dropout
BraTS-GoAT-00554,Dropout
BraTS-GoAT-00555,Dropout
BraTS-GoAT-00556,Train
BraTS-GoAT-00557,Dropout
BraTS-GoAT-00558,Dropout
BraTS-GoAT-00559,Dropout
BraTS-GoAT-00560,Dropout
BraTS-GoAT-00561,Dropout
BraTS-GoAT-00562,Dropout
BraTS-GoAT-00566,Train
BraTS-GoAT-00569,Dropout
BraTS-GoAT-00574,Dropout
BraTS-GoAT-00576,Dropout
BraTS-GoAT-00578,Dropout
BraTS-GoAT-00580,Dropout
BraTS-GoAT-00582,Dropout
BraTS-GoAT-00583,Dropout
BraTS-GoAT-00587,Dropout
BraTS-GoAT-00590,Train
BraTS-GoAT-00591,Validation
BraTS-GoAT-00592,Dropout
BraTS-GoAT-00593,Dropout
BraTS-GoAT-00594,Dropout
BraTS-GoAT-00596,Dropout
BraTS-GoAT-00597,Test
BraTS-GoAT-00598,Dropout
BraTS-GoAT-00600,Dropout
BraTS-GoAT-00601,Dropout
BraTS-GoAT-00602,Dropout
BraTS-GoAT-00603,Dropout
BraTS-GoAT-00605,Validation
BraTS-GoAT-00606,Dropout
BraTS-GoAT-00607,Dropout
BraTS-GoAT-00608,Dropout
BraTS-GoAT-00614,Dropout
BraTS-GoAT-00615,Train
BraTS-GoAT-00618,Train
BraTS-GoAT-00620,Dropout
BraTS-GoAT-00622,Dropout
BraTS-GoAT-00623,Dropout
BraTS-GoAT-00626,Dropout
BraTS-GoAT-00627,Dropout
BraTS-GoAT-00632,Dropout
BraTS-GoAT-00635,Dropout
BraTS-GoAT-00638,Dropout
BraTS-GoAT-00640,Dropout
BraTS-GoAT-00641,Dropout
BraTS-GoAT-00647,Dropout
BraTS-GoAT-00648,Dropout
BraTS-GoAT-00649,Dropout
BraTS-GoAT-00656,Dropout
BraTS-GoAT-00657,Dropout
BraTS-GoAT-00659,Dropout
BraTS-GoAT-00660,Dropout
BraTS-GoAT-00661,Dropout
BraTS-GoAT-00662,Dropout
BraTS-GoAT-00663,Dropout
BraTS-GoAT-00665,Dropout
BraTS-GoAT-00666,Dropout
BraTS-GoAT-00667,Dropout
BraTS-GoAT-00671,Dropout
BraTS-GoAT-00672,Dropout
BraTS-GoAT-00675,Dropout
BraTS-GoAT-00677,Train
BraTS-GoAT-00678,Dropout
BraTS-GoAT-00679,Validation
BraTS-GoAT-00681,Dropout
BraTS-GoAT-00683,Dropout
BraTS-GoAT-00684,Test
BraTS-GoAT-00689,Dropout
BraTS-GoAT-00691,Dropout
BraTS-GoAT-00692,Dropout
BraTS-GoAT-00693,Train
BraTS-GoAT-00696,Dropout
BraTS-GoAT-00698,Dropout
BraTS-GoAT-00701,Dropout
BraTS-GoAT-00709,Dropout
BraTS-GoAT-00711,Dropout
BraTS-GoAT-00712,Validation
BraTS-GoAT-00713,Dropout
BraTS-GoAT-00716,Dropout
BraTS-GoAT-00718,Dropout
BraTS-GoAT-00721,Train
BraTS-GoAT-00722,Test
BraTS-GoAT-00723,Dropout
BraTS-GoAT-00724,Dropout
BraTS-GoAT-00725,Dropout
BraTS-GoAT-00727,Dropout
BraTS-GoAT-00728,Dropout
BraTS-GoAT-00729,Dropout
BraTS-GoAT-00730,Dropout
BraTS-GoAT-00732,Dropout
BraTS-GoAT-00733,Dropout
BraTS-GoAT-00734,Train
BraTS-GoAT-00737,Dropout
BraTS-GoAT-00739,Dropout
BraTS-GoAT-00740,Dropout
BraTS-GoAT-00743,Dropout
BraTS-GoAT-00744,Dropout
BraTS-GoAT-00745,Dropout
BraTS-GoAT-00747,Dropout
BraTS-GoAT-00748,Dropout
BraTS-GoAT-00750,Dropout
BraTS-GoAT-00751,Dropout
BraTS-GoAT-00752,Dropout
BraTS-GoAT-00753,Dropout
BraTS-GoAT-00755,Dropout
BraTS-GoAT-00758,Dropout
BraTS-GoAT-00759,Dropout
BraTS-GoAT-00760,Dropout
BraTS-GoAT-00762,Dropout
BraTS-GoAT-00763,Dropout
BraTS-GoAT-00764,Dropout
BraTS-GoAT-00765,Dropout
BraTS-GoAT-00767,Dropout
BraTS-GoAT-00769,Dropout
BraTS-GoAT-00771,Dropout
BraTS-GoAT-00772,Dropout
BraTS-GoAT-00773,Train
BraTS-GoAT-00775,Dropout
BraTS-GoAT-00778,Dropout
BraTS-GoAT-00782,Dropout
BraTS-GoAT-00783,Dropout
BraTS-GoAT-00786,Dropout
BraTS-GoAT-00792,Validation
BraTS-GoAT-00796,Test
BraTS-GoAT-00797,Dropout
BraTS-GoAT-00799,Dropout
BraTS-GoAT-00800,Train
BraTS-GoAT-00802,Dropout
BraTS-GoAT-00803,Dropout
BraTS-GoAT-00804,Dropout
BraTS-GoAT-00805,Dropout
BraTS-GoAT-00806,Dropout
BraTS-GoAT-00808,Dropout
BraTS-GoAT-00810,Dropout
BraTS-GoAT-00812,Dropout
BraTS-GoAT-00814,Dropout
BraTS-GoAT-00815,Dropout
BraTS-GoAT-00816,Test
BraTS-GoAT-00817,Dropout
BraTS-GoAT-00819,Dropout
BraTS-GoAT-00821,Dropout
BraTS-GoAT-00826,Train
BraTS-GoAT-00828,Dropout
BraTS-GoAT-00829,Validation
BraTS-GoAT-00832,Dropout
BraTS-GoAT-00834,Dropout
BraTS-GoAT-00835,Dropout
BraTS-GoAT-00836,Dropout
BraTS-GoAT-00837,Dropout
BraTS-GoAT-00839,Dropout
BraTS-GoAT-00840,Dropout
BraTS-GoAT-00841,Dropout
BraTS-GoAT-00842,Dropout
BraTS-GoAT-00845,Dropout
BraTS-GoAT-00848,Dropout
BraTS-GoAT-00851,Dropout
BraTS-GoAT-00852,Dropout
BraTS-GoAT-00855,Dropout
BraTS-GoAT-00856,Dropout
BraTS-GoAT-00857,Dropout
BraTS-GoAT-00858,Dropout
BraTS-GoAT-00861,Dropout
BraTS-GoAT-00862,Validation
BraTS-GoAT-00866,Dropout
BraTS-GoAT-00867,Dropout
BraTS-GoAT-00870,Dropout
BraTS-GoAT-00871,Dropout
BraTS-GoAT-00872,Dropout
BraTS-GoAT-00873,Dropout
BraTS-GoAT-00874,Dropout
BraTS-GoAT-00875,Dropout
BraTS-GoAT-00878,Dropout
BraTS-GoAT-00880,Dropout
BraTS-GoAT-00881,Train
BraTS-GoAT-00883,Dropout
BraTS-GoAT-00884,Dropout
BraTS-GoAT-00885,Dropout
BraTS-GoAT-00887,Dropout
BraTS-GoAT-00890,Dropout
BraTS-GoAT-00891,Dropout
BraTS-GoAT-00892,Dropout
BraTS-GoAT-00893,Train
BraTS-GoAT-00894,Dropout
BraTS-GoAT-00896,Dropout
BraTS-GoAT-00897,Dropout
BraTS-GoAT-00900,Dropout
BraTS-GoAT-00902,Dropout
BraTS-GoAT-00903,Dropout
BraTS-GoAT-00904,Dropout
BraTS-GoAT-00908,Dropout
BraTS-GoAT-00909,Dropout
BraTS-GoAT-00910,Train
BraTS-GoAT-00912,Dropout
BraTS-GoAT-00916,Dropout
BraTS-GoAT-00917,Dropout
BraTS-GoAT-00921,Dropout
BraTS-GoAT-00924,Dropout
BraTS-GoAT-00926,Dropout
BraTS-GoAT-00928,Dropout
BraTS-GoAT-00929,Dropout
BraTS-GoAT-00931,Dropout
BraTS-GoAT-00932,Validation
BraTS-GoAT-00933,Train
BraTS-GoAT-00934,Test
BraTS-GoAT-00935,Dropout
BraTS-GoAT-00936,Dropout
BraTS-GoAT-00937,Dropout
BraTS-GoAT-00941,Test
BraTS-GoAT-00942,Dropout
BraTS-GoAT-00943,Dropout
BraTS-GoAT-00945,Dropout
BraTS-GoAT-00946,Dropout
BraTS-GoAT-00947,Dropout
BraTS-GoAT-00949,Dropout
BraTS-GoAT-00951,Dropout
BraTS-GoAT-00952,Dropout
BraTS-GoAT-00953,Dropout
BraTS-GoAT-00954,Dropout
BraTS-GoAT-00955,Validation
BraTS-GoAT-00956,Dropout
BraTS-GoAT-00957,Dropout
BraTS-GoAT-00958,Dropout
BraTS-GoAT-00959,Dropout
BraTS-GoAT-00962,Dropout
BraTS-GoAT-00963,Dropout
BraTS-GoAT-00964,Dropout
BraTS-GoAT-00969,Dropout
BraTS-GoAT-00970,Dropout
BraTS-GoAT-00971,Dropout
BraTS-GoAT-00973,Dropout
BraTS-GoAT-00976,Test
BraTS-GoAT-00977,Dropout
BraTS-GoAT-00978,Dropout
BraTS-GoAT-00979,Dropout
BraTS-GoAT-00980,Dropout
BraTS-GoAT-00982,Dropout
BraTS-GoAT-00984,Train
BraTS-GoAT-00986,Train
BraTS-GoAT-00987,Dropout
BraTS-GoAT-00988,Dropout
BraTS-GoAT-00990,Train
BraTS-GoAT-00991,Dropout
BraTS-GoAT-00992,Dropout
BraTS-GoAT-00993,Dropout
BraTS-GoAT-00996,Train
BraTS-GoAT-01000,Dropout
BraTS-GoAT-01003,Dropout
BraTS-GoAT-01006,Dropout
BraTS-GoAT-01008,Train
BraTS-GoAT-01012,Train
BraTS-GoAT-01013,Dropout
BraTS-GoAT-01014,Dropout
BraTS-GoAT-01018,Train
BraTS-GoAT-01020,Test
BraTS-GoAT-01021,Dropout
BraTS-GoAT-01022,Train
BraTS-GoAT-01023,Dropout
BraTS-GoAT-01024,Dropout
BraTS-GoAT-01026,Dropout
BraTS-GoAT-01027,Dropout
BraTS-GoAT-01028,Dropout
BraTS-GoAT-01029,Dropout
BraTS-GoAT-01031,Dropout
BraTS-GoAT-01032,Dropout
BraTS-GoAT-01033,Dropout
BraTS-GoAT-01034,Dropout
BraTS-GoAT-01035,Dropout
BraTS-GoAT-01037,Dropout
BraTS-GoAT-01039,Dropout
BraTS-GoAT-01043,Dropout
BraTS-GoAT-01044,Dropout
BraTS-GoAT-01046,Dropout
BraTS-GoAT-01047,Dropout
BraTS-GoAT-01049,Dropout
BraTS-GoAT-01051,Dropout
BraTS-GoAT-01053,Dropout
BraTS-GoAT-01055,Dropout
BraTS-GoAT-01057,Dropout
BraTS-GoAT-01058,Dropout
BraTS-GoAT-01059,Dropout
BraTS-GoAT-01060,Dropout
BraTS-GoAT-01062,Dropout
BraTS-GoAT-01064,Dropout
BraTS-GoAT-01066,Dropout
BraTS-GoAT-01067,Train
BraTS-GoAT-01068,Dropout
BraTS-GoAT-01070,Dropout
BraTS-GoAT-01072,Test
BraTS-GoAT-01074,Dropout
BraTS-GoAT-01075,Dropout
BraTS-GoAT-01076,Dropout
BraTS-GoAT-01077,Train
BraTS-GoAT-01078,Train
BraTS-GoAT-01079,Train
BraTS-GoAT-01080,Dropout
BraTS-GoAT-01082,Dropout
BraTS-GoAT-01083,Dropout
BraTS-GoAT-01088,Dropout
BraTS-GoAT-01091,Dropout
BraTS-GoAT-01092,Validation
BraTS-GoAT-01093,Train
BraTS-GoAT-01097,Dropout
BraTS-GoAT-01098,Dropout
BraTS-GoAT-01100,Dropout
BraTS-GoAT-01102,Train
BraTS-GoAT-01105,Dropout
BraTS-GoAT-01108,Dropout
BraTS-GoAT-01110,Dropout
BraTS-GoAT-01115,Dropout
BraTS-GoAT-01116,Dropout
BraTS-GoAT-01117,Train
BraTS-GoAT-01120,Dropout
BraTS-GoAT-01123,Dropout
BraTS-GoAT-01124,Dropout
BraTS-GoAT-01126,Dropout
BraTS-GoAT-01127,Dropout
BraTS-GoAT-01128,Test
BraTS-GoAT-01129,Dropout
BraTS-GoAT-01133,Dropout
BraTS-GoAT-01134,Dropout
BraTS-GoAT-01135,Dropout
BraTS-GoAT-01136,Validation
BraTS-GoAT-01137,Dropout
BraTS-GoAT-01138,Dropout
BraTS-GoAT-01139,Dropout
BraTS-GoAT-01141,Dropout
BraTS-GoAT-01142,Validation
BraTS-GoAT-01146,Dropout
BraTS-GoAT-01147,Dropout
BraTS-GoAT-01150,Dropout
BraTS-GoAT-01151,Train
BraTS-GoAT-01153,Dropout
BraTS-GoAT-01154,Train
BraTS-GoAT-01155,Dropout
BraTS-GoAT-01157,Dropout
BraTS-GoAT-01159,Dropout
BraTS-GoAT-01160,Dropout
BraTS-GoAT-01161,Dropout
BraTS-GoAT-01162,Validation
BraTS-GoAT-01165,Dropout
BraTS-GoAT-01166,Dropout
BraTS-GoAT-01167,Dropout
BraTS-GoAT-01170,Dropout
BraTS-GoAT-01173,Dropout
BraTS-GoAT-01175,Dropout
BraTS-GoAT-01176,Dropout
BraTS-GoAT-01178,Dropout
BraTS-GoAT-01179,Dropout
BraTS-GoAT-01180,Dropout
BraTS-GoAT-01183,Dropout
BraTS-GoAT-01184,Dropout
BraTS-GoAT-01185,Dropout
BraTS-GoAT-01186,Test
BraTS-GoAT-01187,Dropout
BraTS-GoAT-01188,Dropout
BraTS-GoAT-01189,Dropout
BraTS-GoAT-01193,Train
BraTS-GoAT-01194,Dropout
BraTS-GoAT-01195,Dropout
BraTS-GoAT-01196,Dropout
BraTS-GoAT-01197,Dropout
BraTS-GoAT-01201,Dropout
BraTS-GoAT-01202,Dropout
BraTS-GoAT-01203,Dropout
BraTS-GoAT-01204,Dropout
BraTS-GoAT-01206,Dropout
BraTS-GoAT-01209,Validation
BraTS-GoAT-01211,Dropout
BraTS-GoAT-01212,Test
BraTS-GoAT-01214,Dropout
BraTS-GoAT-01216,Dropout
BraTS-GoAT-01219,Dropout
BraTS-GoAT-01225,Dropout
BraTS-GoAT-01230,Dropout
BraTS-GoAT-01231,Dropout
BraTS-GoAT-01232,Dropout
BraTS-GoAT-01233,Dropout
BraTS-GoAT-01234,Train
BraTS-GoAT-01235,Dropout
BraTS-GoAT-01236,Dropout
BraTS-GoAT-01241,Dropout
BraTS-GoAT-01242,Dropout
BraTS-GoAT-01243,Dropout
BraTS-GoAT-01244,Dropout
BraTS-GoAT-01245,Dropout
BraTS-GoAT-01247,Dropout
BraTS-GoAT-01248,Dropout
BraTS-GoAT-01249,Dropout
BraTS-GoAT-01251,Dropout
BraTS-GoAT-01253,Validation
BraTS-GoAT-01254,Train
BraTS-GoAT-01257,Dropout
BraTS-GoAT-01258,Dropout
BraTS-GoAT-01260,Dropout
BraTS-GoAT-01261,Train
BraTS-GoAT-01262,Dropout
BraTS-GoAT-01263,Dropout
BraTS-GoAT-01265,Dropout
BraTS-GoAT-01266,Validation
BraTS-GoAT-01268,Dropout
BraTS-GoAT-01270,Dropout
BraTS-GoAT-01271,Dropout
BraTS-GoAT-01272,Dropout
BraTS-GoAT-01273,Train
BraTS-GoAT-01275,Dropout
BraTS-GoAT-01276,Dropout
BraTS-GoAT-01278,Dropout
BraTS-GoAT-01282,Test
BraTS-GoAT-01284,Dropout
BraTS-GoAT-01285,Dropout
BraTS-GoAT-01288,Dropout
BraTS-GoAT-01290,Dropout
BraTS-GoAT-01294,Validation
BraTS-GoAT-01297,Dropout
BraTS-GoAT-01299,Dropout
BraTS-GoAT-01301,Dropout
BraTS-GoAT-01303,Dropout
BraTS-GoAT-01306,Dropout
BraTS-GoAT-01307,Dropout
BraTS-GoAT-01308,Dropout
BraTS-GoAT-01312,Train
BraTS-GoAT-01316,Dropout
BraTS-GoAT-01317,Dropout
BraTS-GoAT-01318,Train
BraTS-GoAT-01320,Dropout
BraTS-GoAT-01321,Dropout
BraTS-GoAT-01328,Dropout
BraTS-GoAT-01331,Validation
BraTS-GoAT-01332,Train
BraTS-GoAT-01334,Dropout
BraTS-GoAT-01335,Dropout
BraTS-GoAT-01336,Dropout
BraTS-GoAT-01337,Train
BraTS-GoAT-01340,Dropout
BraTS-GoAT-01341,Dropout
BraTS-GoAT-01342,Dropout
BraTS-GoAT-01344,Dropout
BraTS-GoAT-01345,Dropout
BraTS-GoAT-01346,Dropout
BraTS-GoAT-01347,Dropout
BraTS-GoAT-01348,Dropout
BraTS-GoAT-01349,Dropout
BraTS-GoAT-01350,Train
BraTS-GoAT-01351,Dropout
BraTS-GoAT-01352,Dropout
BraTS-GoAT-01353,Dropout
BraTS-GoAT-01356,Dropout
BraTS-GoAT-01358,Dropout
BraTS-GoAT-01362,Train
BraTS-GoAT-01363,Train
BraTS-GoAT-01365,Dropout
BraTS-GoAT-01366,Dropout
BraTS-GoAT-01370,Dropout
BraTS-GoAT-01371,Dropout
BraTS-GoAT-01372,Dropout
BraTS-GoAT-01375,Dropout
BraTS-GoAT-01376,Train
BraTS-GoAT-01380,Dropout
BraTS-GoAT-01383,Train
BraTS-GoAT-01384,Dropout
BraTS-GoAT-01385,Train
BraTS-GoAT-01386,Dropout
BraTS-GoAT-01388,Dropout
BraTS-GoAT-01390,Test
BraTS-GoAT-01391,Dropout
BraTS-GoAT-01392,Dropout
BraTS-GoAT-01394,Dropout
BraTS-GoAT-01397,Train
BraTS-GoAT-01398,Dropout
BraTS-GoAT-01405,Dropout
BraTS-GoAT-01406,Train
BraTS-GoAT-01411,Train
BraTS-GoAT-01415,Test
BraTS-GoAT-01416,Dropout
BraTS-GoAT-01418,Dropout
BraTS-GoAT-01419,Test
BraTS-GoAT-01420,Dropout
BraTS-GoAT-01421,Dropout
BraTS-GoAT-01422,Dropout
BraTS-GoAT-01425,Dropout
BraTS-GoAT-01427,Dropout
BraTS-GoAT-01429,Dropout
BraTS-GoAT-01431,Dropout
BraTS-GoAT-01433,Dropout
BraTS-GoAT-01435,Train
BraTS-GoAT-01436,Dropout
BraTS-GoAT-01438,Dropout
BraTS-GoAT-01439,Dropout
BraTS-GoAT-01443,Dropout
BraTS-GoAT-01448,Dropout
BraTS-GoAT-01451,Train
BraTS-GoAT-01452,Dropout
BraTS-GoAT-01453,Dropout
BraTS-GoAT-01454,Dropout
BraTS-GoAT-01456,Dropout
BraTS-GoAT-01460,Train
BraTS-GoAT-01461,Train
BraTS-GoAT-01464,Test
BraTS-GoAT-01465,Dropout
BraTS-GoAT-01470,Validation
BraTS-GoAT-01472,Train
BraTS-GoAT-01475,Dropout
BraTS-GoAT-01476,Train
BraTS-GoAT-01479,Dropout
BraTS-GoAT-01482,Dropout
BraTS-GoAT-01483,Train
BraTS-GoAT-01487,Dropout
BraTS-GoAT-01488,Dropout
BraTS-GoAT-01489,Dropout
BraTS-GoAT-01491,Test
BraTS-GoAT-01492,Dropout
BraTS-GoAT-01496,Dropout
BraTS-GoAT-01498,Dropout
BraTS-GoAT-01499,Dropout
BraTS-GoAT-01500,Train
BraTS-GoAT-01501,Dropout
BraTS-GoAT-01502,Dropout
BraTS-GoAT-01506,Dropout
BraTS-GoAT-01508,Dropout
BraTS-GoAT-01509,Dropout
BraTS-GoAT-01511,Dropout
BraTS-GoAT-01512,Dropout
BraTS-GoAT-01513,Dropout
BraTS-GoAT-01514,Dropout
BraTS-GoAT-01519,Dropout
BraTS-GoAT-01520,Dropout
BraTS-GoAT-01521,Dropout
BraTS-GoAT-01522,Dropout
BraTS-GoAT-01523,Train
BraTS-GoAT-01524,Dropout
BraTS-GoAT-01526,Dropout
BraTS-GoAT-01527,Dropout
BraTS-GoAT-01530,Dropout
BraTS-GoAT-01531,Dropout
BraTS-GoAT-01532,Dropout
BraTS-GoAT-01534,Dropout
BraTS-GoAT-01535,Test
BraTS-GoAT-01536,Dropout
BraTS-GoAT-01539,Test
BraTS-GoAT-01541,Dropout
BraTS-GoAT-01542,Dropout
BraTS-GoAT-01543,Dropout
BraTS-GoAT-01544,Validation
BraTS-GoAT-01545,Train
BraTS-GoAT-01548,Dropout
BraTS-GoAT-01549,Dropout
BraTS-GoAT-01550,Dropout
BraTS-GoAT-01552,Dropout
BraTS-GoAT-01553,Dropout
BraTS-GoAT-01555,Dropout
BraTS-GoAT-01558,Dropout
BraTS-GoAT-01560,Dropout
BraTS-GoAT-01561,Dropout
BraTS-GoAT-01563,Train
BraTS-GoAT-01564,Dropout
BraTS-GoAT-01566,Dropout
BraTS-GoAT-01570,Dropout
BraTS-GoAT-01572,Dropout
BraTS-GoAT-01573,Train
BraTS-GoAT-01574,Dropout
BraTS-GoAT-01575,Dropout
BraTS-GoAT-01576,Test
BraTS-GoAT-01577,Dropout
BraTS-GoAT-01579,Dropout
BraTS-GoAT-01580,Dropout
BraTS-GoAT-01582,Test
BraTS-GoAT-01584,Dropout
BraTS-GoAT-01585,Dropout
BraTS-GoAT-01588,Dropout
BraTS-GoAT-01590,Train
BraTS-GoAT-01596,Dropout
BraTS-GoAT-01598,Dropout
BraTS-GoAT-01599,Dropout
BraTS-GoAT-01600,Dropout
BraTS-GoAT-01601,Dropout
BraTS-GoAT-01602,Train
BraTS-GoAT-01605,Dropout
BraTS-GoAT-01610,Dropout
BraTS-GoAT-01611,Validation
BraTS-GoAT-01614,Train
BraTS-GoAT-01616,Dropout
BraTS-GoAT-01618,Train
BraTS-GoAT-01627,Train
BraTS-GoAT-01631,Dropout
BraTS-GoAT-01632,Dropout
BraTS-GoAT-01633,Dropout
BraTS-GoAT-01638,Dropout
BraTS-GoAT-01640,Test
BraTS-GoAT-01642,Dropout
BraTS-GoAT-01644,Dropout
BraTS-GoAT-01645,Dropout
BraTS-GoAT-01646,Dropout
BraTS-GoAT-01647,Dropout
BraTS-GoAT-01648,Dropout
BraTS-GoAT-01653,Dropout
BraTS-GoAT-01654,Dropout
BraTS-GoAT-01655,Dropout
BraTS-GoAT-01656,Dropout
BraTS-GoAT-01660,Dropout
BraTS-GoAT-01661,Dropout
BraTS-GoAT-01662,Dropout
BraTS-GoAT-01663,Validation
BraTS-GoAT-01664,Train
BraTS-GoAT-01665,Validation
BraTS-GoAT-01666,Dropout
BraTS-GoAT-01667,Dropout
BraTS-GoAT-01668,Dropout
BraTS-GoAT-01669,Dropout
BraTS-GoAT-01671,Dropout
BraTS-GoAT-01675,Dropout
BraTS-GoAT-01676,Train
BraTS-GoAT-01677,Dropout
BraTS-GoAT-01678,Test
BraTS-GoAT-01680,Dropout
BraTS-GoAT-01683,Dropout
BraTS-GoAT-01684,Dropout
BraTS-GoAT-01686,Dropout
BraTS-GoAT-01687,Dropout
BraTS-GoAT-01691,Validation
BraTS-GoAT-01692,Dropout
BraTS-GoAT-01694,Dropout
BraTS-GoAT-01696,Train
BraTS-GoAT-01698,Dropout
BraTS-GoAT-01699,Dropout
BraTS-GoAT-01700,Validation
BraTS-GoAT-01701,Dropout
BraTS-GoAT-01703,Dropout
BraTS-GoAT-01704,Dropout
BraTS-GoAT-01708,Dropout
BraTS-GoAT-01711,Dropout
BraTS-GoAT-01712,Dropout
BraTS-GoAT-01717,Dropout
BraTS-GoAT-01718,Dropout
BraTS-GoAT-01720,Dropout
BraTS-GoAT-01721,Dropout
BraTS-GoAT-01723,Dropout
BraTS-GoAT-01724,Dropout
BraTS-GoAT-01727,Dropout
BraTS-GoAT-01730,Dropout
BraTS-GoAT-01732,Dropout
BraTS-GoAT-01733,Dropout
BraTS-GoAT-01734,Dropout
BraTS-GoAT-01736,Train
BraTS-GoAT-01737,Dropout
BraTS-GoAT-01738,Dropout
BraTS-GoAT-01741,Dropout
BraTS-GoAT-01742,Dropout
BraTS-GoAT-01743,Train
BraTS-GoAT-01744,Dropout
BraTS-GoAT-01745,Train
BraTS-GoAT-01746,Dropout
BraTS-GoAT-01748,Dropout
BraTS-GoAT-01750,Dropout
BraTS-GoAT-01753,Dropout
BraTS-GoAT-01754,Dropout
BraTS-GoAT-01755,Dropout
BraTS-GoAT-01756,Dropout
BraTS-GoAT-01758,Train
BraTS-GoAT-01759,Dropout
BraTS-GoAT-01760,Dropout
BraTS-GoAT-01762,Train
BraTS-GoAT-01763,Dropout
BraTS-GoAT-01765,Dropout
BraTS-GoAT-01767,Dropout
BraTS-GoAT-01768,Dropout
BraTS-GoAT-01769,Validation
BraTS-GoAT-01770,Validation
BraTS-GoAT-01772,Dropout
BraTS-GoAT-01777,Dropout
BraTS-GoAT-01782,Train
BraTS-GoAT-01789,Dropout
BraTS-GoAT-01792,Train
BraTS-GoAT-01793,Dropout
BraTS-GoAT-01794,Dropout
BraTS-GoAT-01795,Dropout
BraTS-GoAT-01796,Dropout
BraTS-GoAT-01797,Dropout
BraTS-GoAT-01803,Dropout
BraTS-GoAT-01805,Dropout
BraTS-GoAT-01806,Dropout
BraTS-GoAT-01807,Dropout
BraTS-GoAT-01810,Dropout
BraTS-GoAT-01811,Dropout
BraTS-GoAT-01816,Dropout
BraTS-GoAT-01818,Dropout
BraTS-GoAT-01819,Dropout
BraTS-GoAT-01820,Dropout
BraTS-GoAT-01821,Dropout
BraTS-GoAT-01823,Dropout
BraTS-GoAT-01824,Dropout
BraTS-GoAT-01826,Dropout
BraTS-GoAT-01828,Dropout
BraTS-GoAT-01831,Dropout
BraTS-GoAT-01832,Dropout
BraTS-GoAT-01834,Dropout
BraTS-GoAT-01839,Dropout
BraTS-GoAT-01840,Dropout
BraTS-GoAT-01841,Train
BraTS-GoAT-01842,Dropout
BraTS-GoAT-01844,Dropout
BraTS-GoAT-01845,Train
BraTS-GoAT-01846,Dropout
BraTS-GoAT-01850,Dropout
BraTS-GoAT-01852,Dropout
BraTS-GoAT-01853,Dropout
BraTS-GoAT-01856,Dropout
BraTS-GoAT-01857,Dropout
BraTS-GoAT-01859,Dropout
BraTS-GoAT-01862,Dropout
BraTS-GoAT-01864,Dropout
BraTS-GoAT-01865,Dropout
BraTS-GoAT-01867,Dropout
BraTS-GoAT-01869,Dropout
BraTS-GoAT-01872,Train
BraTS-GoAT-01873,Dropout
BraTS-GoAT-01874,Train
BraTS-GoAT-01876,Dropout
BraTS-GoAT-01877,Dropout
BraTS-GoAT-01878,Dropout
BraTS-GoAT-01879,Dropout
BraTS-GoAT-01880,Dropout
BraTS-GoAT-01881,Dropout
BraTS-GoAT-01882,Dropout
BraTS-GoAT-01885,Dropout
BraTS-GoAT-01886,Dropout
BraTS-GoAT-01888,Dropout
BraTS-GoAT-01889,Test
BraTS-GoAT-01890,Dropout
BraTS-GoAT-01891,Test
BraTS-GoAT-01893,Dropout
BraTS-GoAT-01895,Dropout
BraTS-GoAT-01896,Dropout
BraTS-GoAT-01900,Dropout
BraTS-GoAT-01901,Train
BraTS-GoAT-01903,Dropout
BraTS-GoAT-01905,Dropout
BraTS-GoAT-01906,Validation
BraTS-GoAT-01907,Dropout
BraTS-GoAT-01912,Dropout
BraTS-GoAT-01913,Dropout
BraTS-GoAT-01915,Dropout
BraTS-GoAT-01916,Dropout
BraTS-GoAT-01917,Dropout
BraTS-GoAT-01918,Dropout
BraTS-GoAT-01919,Dropout
BraTS-GoAT-01920,Dropout
BraTS-GoAT-01921,Train
BraTS-GoAT-01922,Dropout
BraTS-GoAT-01923,Dropout
BraTS-GoAT-01926,Dropout
BraTS-GoAT-01929,Dropout
BraTS-GoAT-01932,Dropout
BraTS-GoAT-01934,Dropout
BraTS-GoAT-01936,Train
BraTS-GoAT-01939,Dropout
BraTS-GoAT-01940,Dropout
BraTS-GoAT-01944,Dropout
BraTS-GoAT-01946,Dropout
BraTS-GoAT-01950,Test
BraTS-GoAT-01957,Validation
BraTS-GoAT-01958,Train
BraTS-GoAT-01959,Test
BraTS-GoAT-01960,Dropout
BraTS-GoAT-01961,Dropout
BraTS-GoAT-01964,Validation
BraTS-GoAT-01965,Dropout
BraTS-GoAT-01968,Dropout
BraTS-GoAT-01969,Dropout
BraTS-GoAT-01970,Dropout
BraTS-GoAT-01973,Dropout
BraTS-GoAT-01975,Test
BraTS-GoAT-01976,Dropout
BraTS-GoAT-01977,Dropout
BraTS-GoAT-01978,Dropout
BraTS-GoAT-01979,Dropout
BraTS-GoAT-01980,Train
BraTS-GoAT-01981,Dropout
BraTS-GoAT-01983,Dropout
BraTS-GoAT-01986,Train
BraTS-GoAT-01988,Dropout
BraTS-GoAT-01989,Dropout
BraTS-GoAT-01990,Dropout
BraTS-GoAT-01991,Dropout
BraTS-GoAT-01992,Dropout
BraTS-GoAT-01994,Dropout
BraTS-GoAT-01998,Dropout
BraTS-GoAT-01999,Dropout
BraTS-GoAT-02000,Test
BraTS-GoAT-02001,Dropout
BraTS-GoAT-02002,Dropout
BraTS-GoAT-02003,Dropout
BraTS-GoAT-02004,Dropout
BraTS-GoAT-02005,Dropout
BraTS-GoAT-02007,Dropout
BraTS-GoAT-02009,Dropout
BraTS-GoAT-02011,Dropout
BraTS-GoAT-02012,Dropout
BraTS-GoAT-02015,Train
BraTS-GoAT-02016,Dropout
BraTS-GoAT-02017,Train
BraTS-GoAT-02019,Dropout
BraTS-GoAT-02020,Dropout
BraTS-GoAT-02021,Dropout
BraTS-GoAT-02022,Dropout
BraTS-GoAT-02023,Dropout
BraTS-GoAT-02025,Train
BraTS-GoAT-02027,Dropout
BraTS-GoAT-02028,Dropout
BraTS-GoAT-02030,Dropout
BraTS-GoAT-02034,Dropout
BraTS-GoAT-02035,Dropout
BraTS-GoAT-02038,Dropout
BraTS-GoAT-02042,Validation
BraTS-GoAT-02044,Dropout
BraTS-GoAT-02045,Test
BraTS-GoAT-02046,Dropout
BraTS-GoAT-02048,Dropout
BraTS-GoAT-02049,Train
BraTS-GoAT-02053,Dropout
BraTS-GoAT-02054,Dropout
BraTS-GoAT-02056,Dropout
BraTS-GoAT-02060,Dropout
BraTS-GoAT-02062,Dropout
BraTS-GoAT-02063,Dropout
BraTS-GoAT-02065,Dropout
BraTS-GoAT-02066,Dropout
BraTS-GoAT-02068,Dropout
BraTS-GoAT-02069,Train
BraTS-GoAT-02070,Dropout
BraTS-GoAT-02071,Dropout
BraTS-GoAT-02074,Dropout
BraTS-GoAT-02075,Dropout
BraTS-GoAT-02076,Dropout
BraTS-GoAT-02077,Dropout
BraTS-GoAT-02078,Train
BraTS-GoAT-02080,Dropout
BraTS-GoAT-02081,Train
BraTS-GoAT-02084,Dropout
BraTS-GoAT-02086,Dropout
BraTS-GoAT-02087,Dropout
BraTS-GoAT-02088,Dropout
BraTS-GoAT-02090,Dropout
BraTS-GoAT-02091,Dropout
BraTS-GoAT-02094,Dropout
BraTS-GoAT-02096,Dropout
BraTS-GoAT-02097,Test
BraTS-GoAT-02101,Train
BraTS-GoAT-02102,Dropout
BraTS-GoAT-02104,Train
BraTS-GoAT-02107,Dropout
BraTS-GoAT-02109,Dropout
BraTS-GoAT-02110,Dropout
BraTS-GoAT-02112,Dropout
BraTS-GoAT-02113,Dropout
BraTS-GoAT-02117,Dropout
BraTS-GoAT-02121,Dropout
BraTS-GoAT-02124,Train
BraTS-GoAT-02126,Dropout
BraTS-GoAT-02127,Dropout
BraTS-GoAT-02128,Dropout
BraTS-GoAT-02130,Test
BraTS-GoAT-02131,Dropout
BraTS-GoAT-02132,Dropout
BraTS-GoAT-02135,Dropout
BraTS-GoAT-02136,Validation
BraTS-GoAT-02137,Train
BraTS-GoAT-02141,Dropout
BraTS-GoAT-02143,Dropout
BraTS-GoAT-02144,Dropout
BraTS-GoAT-02145,Train
BraTS-GoAT-02146,Validation
BraTS-GoAT-02148,Dropout
BraTS-GoAT-02149,Dropout
BraTS-GoAT-02151,Dropout
BraTS-GoAT-02154,Dropout
BraTS-GoAT-02155,Dropout
BraTS-GoAT-02161,Dropout
BraTS-GoAT-02166,Dropout
BraTS-GoAT-02168,Dropout
BraTS-GoAT-02169,Dropout
BraTS-GoAT-02172,Dropout
BraTS-GoAT-02173,Dropout
BraTS-GoAT-02174,Dropout
BraTS-GoAT-02176,Dropout
BraTS-GoAT-02178,Dropout
BraTS-GoAT-02180,Dropout
BraTS-GoAT-02181,Dropout
BraTS-GoAT-02182,Dropout
BraTS-GoAT-02184,Train
BraTS-GoAT-02185,Dropout
BraTS-GoAT-02186,Dropout
BraTS-GoAT-02187,Test
BraTS-GoAT-02188,Dropout
BraTS-GoAT-02190,Dropout
BraTS-GoAT-02191,Train
BraTS-GoAT-02192,Dropout
BraTS-GoAT-02194,Dropout
BraTS-GoAT-02198,Test
BraTS-GoAT-02202,Dropout
BraTS-GoAT-02203,Train
BraTS-GoAT-02205,Train
BraTS-GoAT-02206,Test
BraTS-GoAT-02208,Dropout
BraTS-GoAT-02211,Dropout
BraTS-GoAT-02212,Train
BraTS-GoAT-02213,Dropout
BraTS-GoAT-02215,Dropout
BraTS-GoAT-02218,Dropout
BraTS-GoAT-02219,Dropout
BraTS-GoAT-02222,Train
BraTS-GoAT-02225,Dropout
BraTS-GoAT-02226,Dropout
BraTS-GoAT-02231,Dropout
BraTS-GoAT-02232,Dropout
BraTS-GoAT-02233,Train
BraTS-GoAT-02234,Train
BraTS-GoAT-02235,Train
BraTS-GoAT-02236,Train
BraTS-GoAT-02237,Train
BraTS-GoAT-02238,Dropout
BraTS-GoAT-02242,Dropout
BraTS-GoAT-02244,Dropout
BraTS-GoAT-02250,Dropout
BraTS-GoAT-02254,Dropout
BraTS-GoAT-02257,Dropout
BraTS-GoAT-02258,Dropout
BraTS-GoAT-02260,Dropout
BraTS-GoAT-02261,Dropout
BraTS-GoAT-02262,Dropout
BraTS-GoAT-02263,Dropout
BraTS-GoAT-02264,Train
BraTS-GoAT-02265,Dropout
BraTS-GoAT-02266,Dropout
BraTS-GoAT-02269,Dropout
BraTS-GoAT-02273,Dropout
BraTS-GoAT-02274,Dropout
BraTS-GoAT-02276,Dropout
BraTS-GoAT-02278,Dropout
BraTS-GoAT-02282,Dropout
BraTS-GoAT-02283,Dropout
BraTS-GoAT-02286,Dropout
BraTS-GoAT-02290,Dropout
BraTS-GoAT-02291,Train
BraTS-GoAT-02292,Dropout
BraTS-GoAT-02293,Test
BraTS-GoAT-02294,Train
BraTS-GoAT-02296,Dropout
BraTS-GoAT-02297,Dropout
BraTS-GoAT-02299,Dropout
BraTS-GoAT-02300,Dropout
BraTS-GoAT-02302,Dropout
BraTS-GoAT-02305,Dropout
BraTS-GoAT-02309,Dropout
BraTS-GoAT-02310,Dropout
BraTS-GoAT-02312,Dropout
BraTS-GoAT-02314,Dropout
BraTS-GoAT-02317,Dropout
BraTS-GoAT-02318,Dropout
BraTS-GoAT-02319,Dropout
BraTS-GoAT-02323,Dropout
BraTS-GoAT-02325,Validation
BraTS-GoAT-02326,Dropout
BraTS-GoAT-02327,Dropout
BraTS-GoAT-02329,Train
BraTS-GoAT-02330,Dropout
BraTS-GoAT-02332,Dropout
BraTS-GoAT-02333,Dropout
BraTS-GoAT-02337,Dropout
BraTS-GoAT-02338,Dropout
BraTS-GoAT-02341,Dropout
BraTS-GoAT-02343,Dropout
BraTS-GoAT-02354,Dropout
BraTS-GoAT-02355,Dropout
BraTS-GoAT-02357,Dropout
BraTS-GoAT-02358,Dropout
BraTS-GoAT-02359,Validation
BraTS-GoAT-02362,Dropout
BraTS-GoAT-02363,Dropout
BraTS-GoAT-02365,Train
BraTS-GoAT-02367,Dropout
BraTS-GoAT-02368,Dropout
BraTS-GoAT-02369,Train
BraTS-GoAT-02372,Train
BraTS-GoAT-02375,Train
BraTS-GoAT-02376,Dropout
BraTS-GoAT-02378,Dropout
BraTS-GoAT-02381,Dropout
BraTS-GoAT-02384,Dropout
BraTS-GoAT-02386,Dropout
BraTS-GoAT-02387,Dropout
BraTS-GoAT-02388,Dropout
BraTS-GoAT-02394,Dropout
BraTS-GoAT-02399,Dropout
BraTS-GoAT-02400,Dropout
BraTS-GoAT-02401,Dropout
BraTS-GoAT-02402,Train
BraTS-GoAT-02404,Validation
BraTS-GoAT-02405,Dropout
BraTS-GoAT-02406,Dropout
BraTS-GoAT-02409,Dropout
BraTS-GoAT-02410,Dropout
BraTS-GoAT-02411,Dropout
BraTS-GoAT-02412,Dropout
BraTS-GoAT-02413,Dropout
BraTS-GoAT-02415,Dropout
BraTS-GoAT-02416,Test
BraTS-GoAT-02417,Dropout
BraTS-GoAT-02418,Train
BraTS-GoAT-02420,Dropout
BraTS-GoAT-02421,Dropout
BraTS-GoAT-02422,Validation
BraTS-GoAT-02423,Test
BraTS-GoAT-02424,Dropout
BraTS-GoAT-02426,Dropout
BraTS-GoAT-02427,Dropout
BraTS-GoAT-02428,Dropout
BraTS-GoAT-02429,Dropout
BraTS-GoAT-02430,Dropout
BraTS-GoAT-02438,Dropout
BraTS-GoAT-02439,Dropout
BraTS-GoAT-02440,Dropout
BraTS-GoAT-02441,Train
BraTS-GoAT-02445,Dropout
BraTS-GoAT-02446,Dropout
BraTS-GoAT-02447,Train
BraTS-GoAT-02448,Dropout
BraTS-GoAT-02450,Dropout
BraTS-GoAT-02451,Dropout
BraTS-GoAT-02452,Dropout
BraTS-GoAT-02453,Dropout
BraTS-GoAT-02454,Dropout
BraTS-GoAT-02459,Dropout
BraTS-GoAT-02460,Train
BraTS-GoAT-02462,Dropout
BraTS-GoAT-02464,Dropout
BraTS-GoAT-02465,Dropout
BraTS-GoAT-02466,Dropout
BraTS-GoAT-02467,Dropout
BraTS-GoAT-02468,Dropout
BraTS-GoAT-02472,Train
BraTS-GoAT-02476,Dropout
BraTS-GoAT-02481,Dropout
BraTS-GoAT-02482,Dropout
BraTS-GoAT-02483,Dropout
